station_id,model,lead_hours,n_samples,bias_c,mae_c,rmse_c,error_std_c
EGLC,ecmwf_ifs025,6,89,-2.2719101123595506,2.3011235955056177,2.7123106779060446,1.4899655856340612
EGLC,ecmwf_ifs025,12,89,-0.16292134831460675,0.8056179775280897,1.0866400125404607,1.0804441450448967
EGLC,ecmwf_ifs025,18,88,-0.1409090909090908,0.9886363636363636,1.361399680809824,1.3618476600236193
EGLC,ecmwf_ifs025,24,90,-0.10666666666666669,0.8711111111111112,1.244454365039822,1.2468206758603295
EGLC,ecmwf_ifs025,30,89,-0.006741573033707881,0.9595505617977529,1.3318906052186354,1.3394196294739842
EGLC,ecmwf_ifs025,36,89,-0.02808988764044932,1.052808988764045,1.4351525777241647,1.443007336657225
EGLC,ecmwf_ifs025,42,88,-0.1795454545454546,1.1136363636363635,1.494003164168488,1.4916749122671291
EGLC,ecmwf_ifs025,48,89,-0.09213483146067429,1.0337078651685394,1.4604139785567807,1.4657626559003587
EGLC,ecmwf_ifs025,54,88,-0.15000000000000002,1.1113636363636363,1.511696819050458,1.5128567784770335
EGLC,ecmwf_ifs025,60,88,-0.09886363636363642,1.2375,1.6953479128056712,1.7021618652977692
EGLC,ecmwf_ifs025,66,87,-0.18160919540229883,1.181609195402299,1.6329227727021247,1.6321998805743796
EGLC,ecmwf_ifs025,72,88,-0.10909090909090918,1.0954545454545455,1.4877530342463063,1.4922509698967479
EGLC,ecmwf_ifs025,78,87,-0.1298850574712644,1.286206896551724,1.7196965784227984,1.7247254545611987
EGLC,ecmwf_ifs025,84,87,-0.16206896551724118,1.1896551724137931,1.5558196272844993,1.5563255308511617
EGLC,ecmwf_ifs025,90,86,-0.1988372093023256,1.4569767441860466,2.025735582736007,2.0277773509318324
EGLC,ecmwf_ifs025,96,87,-0.318390804597701,1.435632183908046,1.8804804961901955,1.8640746027360664
EGLC,ecmwf_ifs025,102,86,-0.25930232558139527,1.4546511627906975,2.0971464554994608,2.093259653772597
EGLC,ecmwf_ifs025,108,86,-0.33255813953488383,1.6232558139534883,2.1730912501308706,2.1600894241001782
EGLC,ecmwf_ifs025,114,85,-0.4647058823529411,1.5023529411764704,2.0576685836159334,2.0164033210003343
EGLC,ecmwf_ifs025,120,86,-0.5616279069767441,1.691860465116279,2.1842193006858013,2.123159056115434
EGLC,ecmwf_ifs025,126,85,-0.52,1.7058823529411764,2.3643429630785007,2.3201395688724458
EGLC,ecmwf_ifs025,132,85,-0.39058823529411757,1.6047058823529412,2.163113224851952,2.140183766554136
EGLC,ecmwf_ifs025,138,84,-0.6571428571428571,1.7738095238095237,2.3169664074676035,2.235167211032245
EGLC,ecmwf_ifs025,144,85,-0.7352941176470589,1.9423529411764706,2.5486097709743407,2.4547187736486396
EGLC,ecmwf_ifs025,156,84,-1.3857142857142857,2.1071428571428577,2.7561619276502194,2.396792176360089
EGLC,ecmwf_ifs025,168,84,-1.125,2.1583333333333337,3.0276306939664255,2.8277401680195666
EGLC,ecmwf_ifs025,180,83,-1.3987951807228916,2.683132530120482,3.45652865769196,3.180063428417266
EGLC,ecmwf_ifs025,192,83,-1.6096385542168674,2.52289156626506,3.499845091236268,3.126621119333345
EGLC,ecmwf_ifs025,204,82,-1.568292682926829,2.7170731707317075,3.655133376499413,3.3219018072457884
EGLC,ecmwf_ifs025,216,82,-1.7097560975609756,2.714634146341463,3.676258702646005,3.274503440108645
EGLC,ecmwf_ifs025,228,81,-1.8370370370370368,3.237037037037037,4.079427459222891,3.6650867808431373
EGLC,ecmwf_ifs025,240,81,-1.5271604938271603,3.1271604938271604,3.9921064089333735,3.711435448235595
EGLC,ecmwf_ifs025,252,80,-1.905,3.3899999999999997,4.292901116960417,3.8713455613902776
EGLC,ecmwf_ifs025,264,80,-1.71875,3.6762500000000005,4.608104273993808,4.302548369089467
EGLC,ecmwf_ifs025,276,79,-2.687341772151899,3.5025316455696203,4.653772119121096,3.8237237551963963
EGLC,ecmwf_ifs025,288,79,-1.70126582278481,3.9645569620253163,4.6802033927457,4.38790568789579
EGLC,ecmwf_ifs025,300,78,-3.278205128205128,4.311538461538461,5.340495991562716,4.243242065932986
EGLC,ecmwf_ifs025,312,78,-2.2858974358974358,3.7192307692307693,4.773014421376356,4.21714879857754
EGLC,ecmwf_ifs025,324,77,-3.0727272727272728,4.174025974025974,5.283372594662048,4.326133449399078
EGLC,ecmwf_ifs025,336,77,-3.116883116883117,4.428571428571429,5.63937916818841,4.730566968284218
EGLC,ecmwf_ifs025,348,76,-3.317105263157895,4.075,5.296113271964043,4.156068275277962
EGLC,ecmwf_ifs025,360,76,-2.835526315789474,4.346052631578948,5.45311354809535,4.688872044813292
EGLC,gfs_seamless,6,89,-2.8842696629213482,2.9359550561797754,3.296729738133251,1.6057353792807048
EGLC,gfs_seamless,12,89,-0.3000000000000001,0.8662921348314606,1.2339304152434696,1.203687516078669
EGLC,gfs_seamless,18,89,-0.38539325842696637,1.0595505617977528,1.450803729204663,1.406603788772943
EGLC,gfs_seamless,24,90,-0.27888888888888885,1.038888888888889,1.4344569239495017,1.4149676968119178
EGLC,gfs_seamless,30,89,-0.3078651685393258,1.1280898876404495,1.5081799433665182,1.4847883778735735
EGLC,gfs_seamless,36,89,-0.4011235955056178,1.2775280898876404,1.7062673631663772,1.6678438981635755
EGLC,gfs_seamless,42,89,-0.3775280898876403,1.2584269662921348,1.74954247630759,1.7180031226152146
EGLC,gfs_seamless,48,89,-0.344943820224719,1.2752808988764044,1.7512435389129262,1.7266633111263427
EGLC,gfs_seamless,54,88,-0.4693181818181818,1.1761363636363635,1.6618377012977368,1.6033268540896246
EGLC,gfs_seamless,60,88,-0.4693181818181817,1.2647727272727272,1.6643658360960298,1.6059771941629086
EGLC,gfs_seamless,66,88,-0.43522727272727285,1.2965909090909091,1.748343371724944,1.7030088162464592
EGLC,gfs_seamless,72,88,-0.6920454545454545,1.3897727272727274,1.8338670022164045,1.7080082903045923
EGLC,gfs_seamless,78,87,-0.5344827586206896,1.396551724137931,1.9473235389932615,1.883393003622618
EGLC,gfs_seamless,84,87,-0.5206896551724137,1.4885057471264367,2.057646239268794,2.0022160938038356
EGLC,gfs_seamless,90,87,-0.45057471264367804,1.4804597701149427,2.035489717685795,1.9965012165599116
EGLC,gfs_seamless,96,87,-0.38850574712643676,1.6045977011494255,2.25194679506779,2.2310402875119646
EGLC,gfs_seamless,102,86,-0.522093023255814,1.608139534883721,2.296939318431843,2.249936007601926
EGLC,gfs_seamless,108,86,-0.5651162790697676,1.8232558139534885,2.6275817868358784,2.5811428130993113
EGLC,gfs_seamless,114,86,-0.4011627906976744,1.5825581395348836,2.2888760316740817,2.266663481395793
EGLC,gfs_seamless,120,86,-0.327906976744186,1.8604651162790697,2.5712181530740783,2.565180932171117
EGLC,gfs_seamless,126,85,-0.20941176470588235,1.6729411764705882,2.3499687106803084,2.3545105410584135
EGLC,gfs_seamless,132,85,-0.6141176470588235,2.0164705882352942,2.7372377661130014,2.6832883584448814
EGLC,gfs_seamless,138,85,-0.6435294117647058,2.2529411764705882,2.897443091863624,2.84184074563115
EGLC,gfs_seamless,144,85,-0.5729411764705883,2.4058823529411764,3.1158607535148484,3.080908502192097
EGLC,gfs_seamless,150,84,-0.6249999999999998,2.4416666666666664,3.349964463208812,3.310912042657864
EGLC,gfs_seamless,156,84,-0.842857142857143,2.2880952380952384,3.282638311741683,3.1916414070055272
EGLC,gfs_seamless,162,84,-1.0916666666666666,2.594047619047619,3.5461414308539707,3.3941909387236975
EGLC,gfs_seamless,168,84,-0.8357142857142857,2.3357142857142854,3.099654358611157,3.0027955993306845
EGLC,gfs_seamless,174,83,-1.089156626506024,2.4819277108433737,3.2685798839605136,3.10051184005011
EGLC,gfs_seamless,180,83,-1.2120481927710842,2.669879518072289,3.534681867384172,3.340563615011966
EGLC,gfs_seamless,186,83,-1.5927710843373493,3.0554216867469877,3.7388226998244907,3.403147149350039
EGLC,gfs_seamless,192,83,-1.4903614457831325,2.7409638554216866,3.4414727864330175,3.120882241502347
EGLC,gfs_seamless,198,82,-1.7475609756097563,3.159756097560975,3.943395219054075,3.5567784567025305
EGLC,gfs_seamless,204,82,-1.7000000000000002,3.0195121951219512,3.9808382497574186,3.6217450265082216
EGLC,gfs_seamless,210,82,-1.8146341463414632,3.1268292682926826,4.190436265779612,3.800393805170089
EGLC,gfs_seamless,216,82,-1.3109756097560978,2.879268292682927,4.009181535596244,3.8120991948010365
EGLC,gfs_seamless,222,81,-1.7753086419753088,3.4691358024691357,4.5054151231710895,4.166699259131787
EGLC,gfs_seamless,228,81,-1.6851851851851851,3.2037037037037037,4.318850441471952,4.001284515974561
EGLC,gfs_seamless,234,81,-1.5765432098765433,3.2382716049382716,4.328330445384738,4.056114877716676
EGLC,gfs_seamless,240,81,-1.6506172839506172,3.3419753086419752,4.591901082945445,4.311673789167906
EGLC,gfs_seamless,246,80,-1.6175000000000002,3.3800000000000003,4.340218888489381,4.052965003112622
EGLC,gfs_seamless,252,80,-1.7862499999999997,3.4862499999999996,4.482284573741386,4.1369206351792815
EGLC,gfs_seamless,258,80,-1.93625,3.5862499999999997,4.71671230837752,4.328101982642265
EGLC,gfs_seamless,264,80,-1.7712499999999998,3.4587499999999998,4.688749833377763,4.3687090393943695
EGLC,gfs_seamless,270,79,-1.6189873417721519,3.7227848101265817,4.761195999092261,4.506094902359301
EGLC,gfs_seamless,276,79,-1.7582278481012659,3.927848101265823,5.0534735515988265,4.76801866055699
EGLC,gfs_seamless,282,79,-2.489873417721519,3.788607594936709,5.091280707298147,4.469285348043134
EGLC,gfs_seamless,288,79,-2.320253164556962,3.9126582278481017,4.8814943758824665,4.3222554578342915
EGLC,gfs_seamless,294,78,-2.514102564102564,4.1782051282051285,5.207501984932596,4.589930377735688
EGLC,gfs_seamless,300,78,-1.5717948717948718,4.417948717948718,5.120571883125596,4.904911332343856
EGLC,gfs_seamless,306,78,-2.187179487179487,3.9051282051282046,5.154833430122422,4.698033824007849
EGLC,gfs_seamless,312,78,-2.541025641025641,3.6384615384615384,4.73752071912119,4.024291045006364
EGLC,gfs_seamless,318,77,-2.481818181818182,3.9545454545454546,5.303429422210089,4.717624493454732
EGLC,gfs_seamless,324,77,-2.1363636363636362,4.58051948051948,5.494613655279069,5.0954806883135255
EGLC,gfs_seamless,330,77,-2.1714285714285713,4.187012987012987,5.4050241178264615,4.982122173670921
EGLC,gfs_seamless,336,77,-2.4025974025974026,4.285714285714286,5.2224540183735435,4.667383297838366
EGLC,gfs_seamless,342,76,-1.9631578947368424,4.197368421052632,5.336542345988301,4.995300247372875
EGLC,gfs_seamless,348,76,-2.1026315789473684,4.2894736842105265,5.542372663114787,5.162117748475214
EGLC,gfs_seamless,354,76,-1.9986842105263158,4.056578947368421,5.306983978435249,4.948898690174818
EGLC,gfs_seamless,360,76,-2.192105263157895,4.239473684210526,5.307963233125351,4.866285733709567
EGLC,gfs_seamless,366,75,-2.26,4.164000000000001,5.301433768330979,4.82787514113387
EGLC,gfs_seamless,372,75,-2.704,4.213333333333333,5.1775927482437885,4.445144329277522
EGLC,gfs_seamless,378,75,-2.0493333333333332,3.9026666666666667,5.317179703564663,4.939426964612266
EGLC,gfs_seamless,384,75,-2.3586666666666667,4.281333333333333,5.489031487126546,4.989802935320526
EGLC,icon_eu,3,89,-4.985393258426966,4.985393258426966,5.487339872506941,2.305751236375022
EGLC,icon_eu,6,89,-2.2258426966292135,2.232584269662921,2.6481920905241383,1.4428923044521345
EGLC,icon_eu,9,89,-0.39325842696629215,0.7168539325842697,1.0050434615232129,0.9301512282723645
EGLC,icon_eu,12,89,-0.2258426966292135,0.6955056179775281,0.938741687077004,0.9163326224545669
EGLC,icon_eu,15,89,-0.03258426966292137,0.7943820224719101,1.110875755348106,1.1166890265523666
EGLC,icon_eu,18,89,-0.153932584269663,0.8842696629213483,1.2361138815213943,1.2334408800158936
EGLC,icon_eu,21,89,-0.1191011235955055,0.8629213483146065,1.1947450482580284,1.1955292099863313
EGLC,icon_eu,24,90,0.03999999999999997,0.9,1.254768681647914,1.261156950554761
EGLC,icon_eu,27,89,0.01235955056179783,0.9179775280898876,1.2691233814343548,1.2762534146262843
EGLC,icon_eu,30,89,0.01910112359550563,0.8820224719101124,1.230739249850916,1.237563258667317
EGLC,icon_eu,36,89,0.0033707865168538806,0.9606741573033708,1.268503497667825,1.2756860398697998
EGLC,icon_eu,42,89,0.05955056179775286,0.9674157303370786,1.3230455163002695,1.3291931165803008
EGLC,icon_eu,48,89,0.12247191011235947,0.9966292134831459,1.3172579623315406,1.3189831490574269
EGLC,icon_eu,54,88,0.08522727272727272,0.9670454545454544,1.3434605925133658,1.3484379871631695
EGLC,icon_eu,60,88,0.10909090909090909,0.9954545454545454,1.3826851347353748,1.3862739577346956
EGLC,icon_eu,66,88,0.12500000000000008,1.081818181818182,1.4974220271095011,1.5007469404634297
EGLC,icon_eu,72,88,0.08181818181818196,1.1659090909090908,1.5477256040573035,1.5544186520601577
EGLC,icon_eu,78,87,0.09999999999999991,1.2149425287356321,1.7082289006487084,1.7151852567918953
EGLC,icon_eu,84,87,0.19310344827586212,1.406896551724138,2.064422214678909,2.0672863407751265
EGLC,icon_eu,90,87,0.1356321839080461,1.4022988505747127,2.0345295143663034,2.041771746091663
EGLC,icon_eu,96,87,0.17701149425287352,1.427586206896552,1.9961457114022076,1.9998081971648536
EGLC,icon_eu,102,86,0.04534883720930245,1.4197674418604649,2.065075031014837,2.076686103145738
EGLC,icon_eu,108,86,-0.05697674418604639,1.5453488372093025,2.24382874610797,2.256261389616977
EGLC,icon_eu,114,86,0.047674418604651075,1.5965116279069769,2.4164889001713132,2.4301888933693077
EGLC,icon_eu,120,86,-0.16744186046511625,1.5348837209302326,2.154713599918657,2.160797339788915
EGLC,ukmo_global_deterministic_10km,6,89,-1.8460674157303372,1.852808988764045,2.2610775993124075,1.3129647384809624
EGLC,ukmo_global_deterministic_10km,12,89,-0.598876404494382,0.9022471910112357,1.127540826137458,0.9607637092465071
EGLC,ukmo_global_deterministic_10km,18,89,-0.7415730337078652,1.0629213483146067,1.449912821865934,1.2529790853623475
EGLC,ukmo_global_deterministic_10km,24,90,-0.6099999999999999,1.0033333333333334,1.3632885078205403,1.226033157533183
EGLC,ukmo_global_deterministic_10km,30,89,-0.548314606741573,0.952808988764045,1.2793080995144,1.1623948984307593
EGLC,ukmo_global_deterministic_10km,36,89,-0.5707865168539328,1.1168539325842697,1.511677392609231,1.4077062457635092
EGLC,ukmo_global_deterministic_10km,42,89,-0.649438202247191,1.2404494382022468,1.595499287849446,1.4655997527777445
EGLC,ukmo_global_deterministic_10km,48,89,-0.7325842696629213,1.2876404494382023,1.6306750515033661,1.465107448813201
EGLC,ukmo_global_deterministic_10km,54,88,-0.8204545454545453,1.309090909090909,1.7032055339591552,1.501122881697602
EGLC,ukmo_global_deterministic_10km,60,88,-0.8556818181818181,1.3465909090909092,1.7253128833503055,1.5067555121713427
EGLC,ukmo_global_deterministic_10km,72,88,-0.9011363636363634,1.3943181818181818,1.7318867798392068,1.4874566983502695
EGLC,ukmo_global_deterministic_10km,84,87,-0.9643678160919539,1.3712643678160918,1.771777469745806,1.4949509606559357
EGLC,ukmo_global_deterministic_10km,96,87,-0.8632183908045978,1.3275862068965518,1.711657125402903,1.4866158652525663
EGLC,ukmo_global_deterministic_10km,108,86,-1.0732558139534882,1.6453488372093024,2.118989447606988,1.8378007584901517
EGLC,ukmo_global_deterministic_10km,120,86,-0.9162790697674418,1.6465116279069767,2.1608568498587304,1.968448804941195
EGLC,ukmo_global_deterministic_10km,132,85,-1.1894117647058822,1.9517647058823526,2.6253291110214105,2.3543285125695688
EGLC,ukmo_global_deterministic_10km,144,85,-1.2611764705882353,1.9317647058823528,2.7329363652435426,2.4389251202726414
EGLC,ukmo_global_deterministic_10km,156,84,-1.5880952380952382,2.361904761904762,3.1495275533838103,2.7361658497038306
EGLC,ukmo_global_deterministic_10km,168,84,-1.7535714285714288,2.6726190476190474,3.3623794012715518,2.886129956770244
EGLC,ukmo_uk_deterministic_2km,3,89,-3.892134831460674,3.892134831460674,4.410253629741909,2.085786570571766
EGLC,ukmo_uk_deterministic_2km,6,89,-1.5853932584269663,1.6213483146067418,2.1175828917354775,1.4117647371767907
EGLC,ukmo_uk_deterministic_2km,9,89,-0.17415730337078655,0.5584269662921347,0.8021740123361113,0.787476996761816
EGLC,ukmo_uk_deterministic_2km,12,89,-0.04719101123595517,0.6224719101123596,0.8513043528160744,0.8548112348296617
EGLC,ukmo_uk_deterministic_2km,15,89,-0.1112359550561798,0.7606741573033708,1.0196386229190784,1.0192954565696113
EGLC,ukmo_uk_deterministic_2km,18,89,-0.35280898876404493,0.8359550561797754,1.0878284729298338,1.0348572461544077
EGLC,ukmo_uk_deterministic_2km,21,89,-0.2887640449438202,0.8213483146067415,1.0786487593593272,1.0451661679812179
EGLC,ukmo_uk_deterministic_2km,24,90,-0.23555555555555557,0.8355555555555556,1.1284207253207172,1.1097434779112434
EGLC,ukmo_uk_deterministic_2km,27,89,-0.06179775280898878,0.7651685393258426,1.0613220502665637,1.0655243713327178
EGLC,ukmo_uk_deterministic_2km,30,89,0.10561797752808984,0.8337078651685392,1.1954031805399146,1.1974745727573544
EGLC,ukmo_uk_deterministic_2km,33,89,0.06966292134831457,0.903370786516854,1.2978807271943258,1.3033527128823312
EGLC,ukmo_uk_deterministic_2km,36,89,-0.012359550561797609,0.949438202247191,1.3273696216049058,1.3348323204806645
EGLC,ukmo_uk_deterministic_2km,39,89,-0.04269662921348307,0.9752808988764045,1.3689986498790956,1.3760853270691
EGLC,ukmo_uk_deterministic_2km,42,89,-0.12247191011235965,1.0370786516853934,1.437343054451433,1.440229843477388
EGLC,ukmo_uk_deterministic_2km,45,89,-0.11685393258426954,1.0337078651685394,1.3910629675810082,1.393999800692579
EGLC,ukmo_uk_deterministic_2km,48,89,-0.20674157303370796,1.0337078651685392,1.379708485738193,1.3718598650280465
EGLC,ukmo_uk_deterministic_2km,51,88,-0.16818181818181818,1.0590909090909089,1.4187862930880553,1.4168562784166254
EGLC,ukmo_uk_deterministic_2km,54,88,-0.0647727272727272,1.0465909090909091,1.4674111402553323,1.47438198802209
